category	experiment_A	experiment_B	plus_1_A	plus_2_A	minus_1_A	minus_2_A	plus_1_B	plus_2_B	minus_1_B	minus_2_B	window_A	window_B
similar	FUS_HepG2_ENCSR464OSH	TAF15_HepG2_ENCSR841EQA	/tscc/projects/ps-yeolab5/rbp-portal/encode3/eclip/Skipper/2.0.0/v1/output/secondary_results/bigwigs/scaled/plus/FUS_HepG2_ENCSR464OSH_IP_1.scaled.plus.bw	/tscc/projects/ps-yeolab5/rbp-portal/encode3/eclip/Skipper/2.0.0/v1/output/secondary_results/bigwigs/scaled/plus/FUS_HepG2_ENCSR464OSH_IP_2.scaled.plus.bw	/tscc/projects/ps-yeolab5/rbp-portal/encode3/eclip/Skipper/2.0.0/v1/output/secondary_results/bigwigs/scaled/minus/FUS_HepG2_ENCSR464OSH_IP_1.scaled.minus.bw	/tscc/projects/ps-yeolab5/rbp-portal/encode3/eclip/Skipper/2.0.0/v1/output/secondary_results/bigwigs/scaled/minus/FUS_HepG2_ENCSR464OSH_IP_2.scaled.minus.bw	/tscc/projects/ps-yeolab5/rbp-portal/encode3/eclip/Skipper/2.0.0/v1/output/secondary_results/bigwigs/scaled/plus/TAF15_HepG2_ENCSR841EQA_IP_1.scaled.plus.bw	/tscc/projects/ps-yeolab5/rbp-portal/encode3/eclip/Skipper/2.0.0/v1/output/secondary_results/bigwigs/scaled/plus/TAF15_HepG2_ENCSR841EQA_IP_2.scaled.plus.bw	/tscc/projects/ps-yeolab5/rbp-portal/encode3/eclip/Skipper/2.0.0/v1/output/secondary_results/bigwigs/scaled/minus/TAF15_HepG2_ENCSR841EQA_IP_1.scaled.minus.bw	/tscc/projects/ps-yeolab5/rbp-portal/encode3/eclip/Skipper/2.0.0/v1/output/secondary_results/bigwigs/scaled/minus/TAF15_HepG2_ENCSR841EQA_IP_2.scaled.minus.bw	/tscc/projects/ps-yeolab5/rbp-portal/encode3/eclip/Skipper/2.0.0/v1/output/reproducible_enriched_windows/FUS_HepG2_ENCSR464OSH.reproducible_enriched_windows.tsv.gz	/tscc/projects/ps-yeolab5/rbp-portal/encode3/eclip/Skipper/2.0.0/v1/output/reproducible_enriched_windows/TAF15_HepG2_ENCSR841EQA.reproducible_enriched_windows.tsv.gz
similar	PUM1_K562_ENCSR308YNT	PUM2_K562_ENCSR661ICQ	/tscc/projects/ps-yeolab5/rbp-portal/encode3/eclip/Skipper/2.0.0/v1/output/secondary_results/bigwigs/scaled/plus/PUM1_K562_ENCSR308YNT_IP_1.scaled.plus.bw	/tscc/projects/ps-yeolab5/rbp-portal/encode3/eclip/Skipper/2.0.0/v1/output/secondary_results/bigwigs/scaled/plus/PUM1_K562_ENCSR308YNT_IP_2.scaled.plus.bw	/tscc/projects/ps-yeolab5/rbp-portal/encode3/eclip/Skipper/2.0.0/v1/output/secondary_results/bigwigs/scaled/minus/PUM1_K562_ENCSR308YNT_IP_1.scaled.minus.bw	/tscc/projects/ps-yeolab5/rbp-portal/encode3/eclip/Skipper/2.0.0/v1/output/secondary_results/bigwigs/scaled/minus/PUM1_K562_ENCSR308YNT_IP_2.scaled.minus.bw	/tscc/projects/ps-yeolab5/rbp-portal/encode3/eclip/Skipper/2.0.0/v1/output/secondary_results/bigwigs/scaled/plus/PUM2_K562_ENCSR661ICQ_IP_1.scaled.plus.bw	/tscc/projects/ps-yeolab5/rbp-portal/encode3/eclip/Skipper/2.0.0/v1/output/secondary_results/bigwigs/scaled/plus/PUM2_K562_ENCSR661ICQ_IP_2.scaled.plus.bw	/tscc/projects/ps-yeolab5/rbp-portal/encode3/eclip/Skipper/2.0.0/v1/output/secondary_results/bigwigs/scaled/minus/PUM2_K562_ENCSR661ICQ_IP_1.scaled.minus.bw	/tscc/projects/ps-yeolab5/rbp-portal/encode3/eclip/Skipper/2.0.0/v1/output/secondary_results/bigwigs/scaled/minus/PUM2_K562_ENCSR661ICQ_IP_2.scaled.minus.bw	/tscc/projects/ps-yeolab5/rbp-portal/encode3/eclip/Skipper/2.0.0/v1/output/reproducible_enriched_windows/PUM1_K562_ENCSR308YNT.reproducible_enriched_windows.tsv.gz	/tscc/projects/ps-yeolab5/rbp-portal/encode3/eclip/Skipper/2.0.0/v1/output/reproducible_enriched_windows/PUM2_K562_ENCSR661ICQ.reproducible_enriched_windows.tsv.gz
similar	PCBP1_HepG2_ENCSR256CHX	PCBP2_HepG2_ENCSR339FUY	/tscc/projects/ps-yeolab5/rbp-portal/encode3/eclip/Skipper/2.0.0/v1/output/secondary_results/bigwigs/scaled/plus/PCBP1_HepG2_ENCSR256CHX_IP_1.scaled.plus.bw	/tscc/projects/ps-yeolab5/rbp-portal/encode3/eclip/Skipper/2.0.0/v1/output/secondary_results/bigwigs/scaled/plus/PCBP1_HepG2_ENCSR256CHX_IP_2.scaled.plus.bw	/tscc/projects/ps-yeolab5/rbp-portal/encode3/eclip/Skipper/2.0.0/v1/output/secondary_results/bigwigs/scaled/minus/PCBP1_HepG2_ENCSR256CHX_IP_1.scaled.minus.bw	/tscc/projects/ps-yeolab5/rbp-portal/encode3/eclip/Skipper/2.0.0/v1/output/secondary_results/bigwigs/scaled/minus/PCBP1_HepG2_ENCSR256CHX_IP_2.scaled.minus.bw	/tscc/projects/ps-yeolab5/rbp-portal/encode3/eclip/Skipper/2.0.0/v1/output/secondary_results/bigwigs/scaled/plus/PCBP2_HepG2_ENCSR339FUY_IP_1.scaled.plus.bw	/tscc/projects/ps-yeolab5/rbp-portal/encode3/eclip/Skipper/2.0.0/v1/output/secondary_results/bigwigs/scaled/plus/PCBP2_HepG2_ENCSR339FUY_IP_2.scaled.plus.bw	/tscc/projects/ps-yeolab5/rbp-portal/encode3/eclip/Skipper/2.0.0/v1/output/secondary_results/bigwigs/scaled/minus/PCBP2_HepG2_ENCSR339FUY_IP_1.scaled.minus.bw	/tscc/projects/ps-yeolab5/rbp-portal/encode3/eclip/Skipper/2.0.0/v1/output/secondary_results/bigwigs/scaled/minus/PCBP2_HepG2_ENCSR339FUY_IP_2.scaled.minus.bw	/tscc/projects/ps-yeolab5/rbp-portal/encode3/eclip/Skipper/2.0.0/v1/output/reproducible_enriched_windows/PCBP1_HepG2_ENCSR256CHX.reproducible_enriched_windows.tsv.gz	/tscc/projects/ps-yeolab5/rbp-portal/encode3/eclip/Skipper/2.0.0/v1/output/reproducible_enriched_windows/PCBP2_HepG2_ENCSR339FUY.reproducible_enriched_windows.tsv.gz
similar	TIA1_HepG2_ENCSR623VEQ	TIAL1_HepG2_ENCSR322HHA	/tscc/projects/ps-yeolab5/rbp-portal/encode3/eclip/Skipper/2.0.0/v1/output/secondary_results/bigwigs/scaled/plus/TIA1_HepG2_ENCSR623VEQ_IP_1.scaled.plus.bw	/tscc/projects/ps-yeolab5/rbp-portal/encode3/eclip/Skipper/2.0.0/v1/output/secondary_results/bigwigs/scaled/plus/TIA1_HepG2_ENCSR623VEQ_IP_2.scaled.plus.bw	/tscc/projects/ps-yeolab5/rbp-portal/encode3/eclip/Skipper/2.0.0/v1/output/secondary_results/bigwigs/scaled/minus/TIA1_HepG2_ENCSR623VEQ_IP_1.scaled.minus.bw	/tscc/projects/ps-yeolab5/rbp-portal/encode3/eclip/Skipper/2.0.0/v1/output/secondary_results/bigwigs/scaled/minus/TIA1_HepG2_ENCSR623VEQ_IP_2.scaled.minus.bw	/tscc/projects/ps-yeolab5/rbp-portal/encode3/eclip/Skipper/2.0.0/v1/output/secondary_results/bigwigs/scaled/plus/TIAL1_HepG2_ENCSR322HHA_IP_1.scaled.plus.bw	/tscc/projects/ps-yeolab5/rbp-portal/encode3/eclip/Skipper/2.0.0/v1/output/secondary_results/bigwigs/scaled/plus/TIAL1_HepG2_ENCSR322HHA_IP_2.scaled.plus.bw	/tscc/projects/ps-yeolab5/rbp-portal/encode3/eclip/Skipper/2.0.0/v1/output/secondary_results/bigwigs/scaled/minus/TIAL1_HepG2_ENCSR322HHA_IP_1.scaled.minus.bw	/tscc/projects/ps-yeolab5/rbp-portal/encode3/eclip/Skipper/2.0.0/v1/output/secondary_results/bigwigs/scaled/minus/TIAL1_HepG2_ENCSR322HHA_IP_2.scaled.minus.bw	/tscc/projects/ps-yeolab5/rbp-portal/encode3/eclip/Skipper/2.0.0/v1/output/reproducible_enriched_windows/TIA1_HepG2_ENCSR623VEQ.reproducible_enriched_windows.tsv.gz	/tscc/projects/ps-yeolab5/rbp-portal/encode3/eclip/Skipper/2.0.0/v1/output/reproducible_enriched_windows/TIAL1_HepG2_ENCSR322HHA.reproducible_enriched_windows.tsv.gz
similar	SAFB_K562_ENCSR484LAB	SAFB2_K562_ENCSR943MHU	/tscc/projects/ps-yeolab5/rbp-portal/encode3/eclip/Skipper/2.0.0/v1/output/secondary_results/bigwigs/scaled/plus/SAFB_K562_ENCSR484LAB_IP_1.scaled.plus.bw	/tscc/projects/ps-yeolab5/rbp-portal/encode3/eclip/Skipper/2.0.0/v1/output/secondary_results/bigwigs/scaled/plus/SAFB_K562_ENCSR484LAB_IP_2.scaled.plus.bw	/tscc/projects/ps-yeolab5/rbp-portal/encode3/eclip/Skipper/2.0.0/v1/output/secondary_results/bigwigs/scaled/minus/SAFB_K562_ENCSR484LAB_IP_1.scaled.minus.bw	/tscc/projects/ps-yeolab5/rbp-portal/encode3/eclip/Skipper/2.0.0/v1/output/secondary_results/bigwigs/scaled/minus/SAFB_K562_ENCSR484LAB_IP_2.scaled.minus.bw	/tscc/projects/ps-yeolab5/rbp-portal/encode3/eclip/Skipper/2.0.0/v1/output/secondary_results/bigwigs/scaled/plus/SAFB2_K562_ENCSR943MHU_IP_1.scaled.plus.bw	/tscc/projects/ps-yeolab5/rbp-portal/encode3/eclip/Skipper/2.0.0/v1/output/secondary_results/bigwigs/scaled/plus/SAFB2_K562_ENCSR943MHU_IP_2.scaled.plus.bw	/tscc/projects/ps-yeolab5/rbp-portal/encode3/eclip/Skipper/2.0.0/v1/output/secondary_results/bigwigs/scaled/minus/SAFB2_K562_ENCSR943MHU_IP_1.scaled.minus.bw	/tscc/projects/ps-yeolab5/rbp-portal/encode3/eclip/Skipper/2.0.0/v1/output/secondary_results/bigwigs/scaled/minus/SAFB2_K562_ENCSR943MHU_IP_2.scaled.minus.bw	/tscc/projects/ps-yeolab5/rbp-portal/encode3/eclip/Skipper/2.0.0/v1/output/reproducible_enriched_windows/SAFB_K562_ENCSR484LAB.reproducible_enriched_windows.tsv.gz	/tscc/projects/ps-yeolab5/rbp-portal/encode3/eclip/Skipper/2.0.0/v1/output/reproducible_enriched_windows/SAFB2_K562_ENCSR943MHU.reproducible_enriched_windows.tsv.gz
similar	CSTF2_HepG2_ENCSR384MWO	CSTF2T_HepG2_ENCSR919HSE	/tscc/projects/ps-yeolab5/rbp-portal/encode3/eclip/Skipper/2.0.0/v1/output/secondary_results/bigwigs/scaled/plus/CSTF2_HepG2_ENCSR384MWO_IP_1.scaled.plus.bw	/tscc/projects/ps-yeolab5/rbp-portal/encode3/eclip/Skipper/2.0.0/v1/output/secondary_results/bigwigs/scaled/plus/CSTF2_HepG2_ENCSR384MWO_IP_2.scaled.plus.bw	/tscc/projects/ps-yeolab5/rbp-portal/encode3/eclip/Skipper/2.0.0/v1/output/secondary_results/bigwigs/scaled/minus/CSTF2_HepG2_ENCSR384MWO_IP_1.scaled.minus.bw	/tscc/projects/ps-yeolab5/rbp-portal/encode3/eclip/Skipper/2.0.0/v1/output/secondary_results/bigwigs/scaled/minus/CSTF2_HepG2_ENCSR384MWO_IP_2.scaled.minus.bw	/tscc/projects/ps-yeolab5/rbp-portal/encode3/eclip/Skipper/2.0.0/v1/output/secondary_results/bigwigs/scaled/plus/CSTF2T_HepG2_ENCSR919HSE_IP_1.scaled.plus.bw	/tscc/projects/ps-yeolab5/rbp-portal/encode3/eclip/Skipper/2.0.0/v1/output/secondary_results/bigwigs/scaled/plus/CSTF2T_HepG2_ENCSR919HSE_IP_2.scaled.plus.bw	/tscc/projects/ps-yeolab5/rbp-portal/encode3/eclip/Skipper/2.0.0/v1/output/secondary_results/bigwigs/scaled/minus/CSTF2T_HepG2_ENCSR919HSE_IP_1.scaled.minus.bw	/tscc/projects/ps-yeolab5/rbp-portal/encode3/eclip/Skipper/2.0.0/v1/output/secondary_results/bigwigs/scaled/minus/CSTF2T_HepG2_ENCSR919HSE_IP_2.scaled.minus.bw	/tscc/projects/ps-yeolab5/rbp-portal/encode3/eclip/Skipper/2.0.0/v1/output/reproducible_enriched_windows/CSTF2_HepG2_ENCSR384MWO.reproducible_enriched_windows.tsv.gz	/tscc/projects/ps-yeolab5/rbp-portal/encode3/eclip/Skipper/2.0.0/v1/output/reproducible_enriched_windows/CSTF2T_HepG2_ENCSR919HSE.reproducible_enriched_windows.tsv.gz
similar	IGF2BP1_K562_ENCSR975KIR	IGF2BP2_K562_ENCSR062NNB	/tscc/projects/ps-yeolab5/rbp-portal/encode3/eclip/Skipper/2.0.0/v1/output/secondary_results/bigwigs/scaled/plus/IGF2BP1_K562_ENCSR975KIR_IP_1.scaled.plus.bw	/tscc/projects/ps-yeolab5/rbp-portal/encode3/eclip/Skipper/2.0.0/v1/output/secondary_results/bigwigs/scaled/plus/IGF2BP1_K562_ENCSR975KIR_IP_2.scaled.plus.bw	/tscc/projects/ps-yeolab5/rbp-portal/encode3/eclip/Skipper/2.0.0/v1/output/secondary_results/bigwigs/scaled/minus/IGF2BP1_K562_ENCSR975KIR_IP_1.scaled.minus.bw	/tscc/projects/ps-yeolab5/rbp-portal/encode3/eclip/Skipper/2.0.0/v1/output/secondary_results/bigwigs/scaled/minus/IGF2BP1_K562_ENCSR975KIR_IP_2.scaled.minus.bw	/tscc/projects/ps-yeolab5/rbp-portal/encode3/eclip/Skipper/2.0.0/v1/output/secondary_results/bigwigs/scaled/plus/IGF2BP2_K562_ENCSR062NNB_IP_1.scaled.plus.bw	/tscc/projects/ps-yeolab5/rbp-portal/encode3/eclip/Skipper/2.0.0/v1/output/secondary_results/bigwigs/scaled/plus/IGF2BP2_K562_ENCSR062NNB_IP_2.scaled.plus.bw	/tscc/projects/ps-yeolab5/rbp-portal/encode3/eclip/Skipper/2.0.0/v1/output/secondary_results/bigwigs/scaled/minus/IGF2BP2_K562_ENCSR062NNB_IP_1.scaled.minus.bw	/tscc/projects/ps-yeolab5/rbp-portal/encode3/eclip/Skipper/2.0.0/v1/output/secondary_results/bigwigs/scaled/minus/IGF2BP2_K562_ENCSR062NNB_IP_2.scaled.minus.bw	/tscc/projects/ps-yeolab5/rbp-portal/encode3/eclip/Skipper/2.0.0/v1/output/reproducible_enriched_windows/IGF2BP1_K562_ENCSR975KIR.reproducible_enriched_windows.tsv.gz	/tscc/projects/ps-yeolab5/rbp-portal/encode3/eclip/Skipper/2.0.0/v1/output/reproducible_enriched_windows/IGF2BP2_K562_ENCSR062NNB.reproducible_enriched_windows.tsv.gz
similar	FMR1_K562_ENCSR331VNX	FXR1_K562_ENCSR774RFN	/tscc/projects/ps-yeolab5/rbp-portal/encode3/eclip/Skipper/2.0.0/v1/output/secondary_results/bigwigs/scaled/plus/FMR1_K562_ENCSR331VNX_IP_1.scaled.plus.bw	/tscc/projects/ps-yeolab5/rbp-portal/encode3/eclip/Skipper/2.0.0/v1/output/secondary_results/bigwigs/scaled/plus/FMR1_K562_ENCSR331VNX_IP_2.scaled.plus.bw	/tscc/projects/ps-yeolab5/rbp-portal/encode3/eclip/Skipper/2.0.0/v1/output/secondary_results/bigwigs/scaled/minus/FMR1_K562_ENCSR331VNX_IP_1.scaled.minus.bw	/tscc/projects/ps-yeolab5/rbp-portal/encode3/eclip/Skipper/2.0.0/v1/output/secondary_results/bigwigs/scaled/minus/FMR1_K562_ENCSR331VNX_IP_2.scaled.minus.bw	/tscc/projects/ps-yeolab5/rbp-portal/encode3/eclip/Skipper/2.0.0/v1/output/secondary_results/bigwigs/scaled/plus/FXR1_K562_ENCSR774RFN_IP_1.scaled.plus.bw	/tscc/projects/ps-yeolab5/rbp-portal/encode3/eclip/Skipper/2.0.0/v1/output/secondary_results/bigwigs/scaled/plus/FXR1_K562_ENCSR774RFN_IP_2.scaled.plus.bw	/tscc/projects/ps-yeolab5/rbp-portal/encode3/eclip/Skipper/2.0.0/v1/output/secondary_results/bigwigs/scaled/minus/FXR1_K562_ENCSR774RFN_IP_1.scaled.minus.bw	/tscc/projects/ps-yeolab5/rbp-portal/encode3/eclip/Skipper/2.0.0/v1/output/secondary_results/bigwigs/scaled/minus/FXR1_K562_ENCSR774RFN_IP_2.scaled.minus.bw	/tscc/projects/ps-yeolab5/rbp-portal/encode3/eclip/Skipper/2.0.0/v1/output/reproducible_enriched_windows/FMR1_K562_ENCSR331VNX.reproducible_enriched_windows.tsv.gz	/tscc/projects/ps-yeolab5/rbp-portal/encode3/eclip/Skipper/2.0.0/v1/output/reproducible_enriched_windows/FXR1_K562_ENCSR774RFN.reproducible_enriched_windows.tsv.gz
similar	SRSF1_K562_ENCSR432XUP	SRSF7_K562_ENCSR468FSW	/tscc/projects/ps-yeolab5/rbp-portal/encode3/eclip/Skipper/2.0.0/v1/output/secondary_results/bigwigs/scaled/plus/SRSF1_K562_ENCSR432XUP_IP_1.scaled.plus.bw	/tscc/projects/ps-yeolab5/rbp-portal/encode3/eclip/Skipper/2.0.0/v1/output/secondary_results/bigwigs/scaled/plus/SRSF1_K562_ENCSR432XUP_IP_2.scaled.plus.bw	/tscc/projects/ps-yeolab5/rbp-portal/encode3/eclip/Skipper/2.0.0/v1/output/secondary_results/bigwigs/scaled/minus/SRSF1_K562_ENCSR432XUP_IP_1.scaled.minus.bw	/tscc/projects/ps-yeolab5/rbp-portal/encode3/eclip/Skipper/2.0.0/v1/output/secondary_results/bigwigs/scaled/minus/SRSF1_K562_ENCSR432XUP_IP_2.scaled.minus.bw	/tscc/projects/ps-yeolab5/rbp-portal/encode3/eclip/Skipper/2.0.0/v1/output/secondary_results/bigwigs/scaled/plus/SRSF7_K562_ENCSR468FSW_IP_1.scaled.plus.bw	/tscc/projects/ps-yeolab5/rbp-portal/encode3/eclip/Skipper/2.0.0/v1/output/secondary_results/bigwigs/scaled/plus/SRSF7_K562_ENCSR468FSW_IP_2.scaled.plus.bw	/tscc/projects/ps-yeolab5/rbp-portal/encode3/eclip/Skipper/2.0.0/v1/output/secondary_results/bigwigs/scaled/minus/SRSF7_K562_ENCSR468FSW_IP_1.scaled.minus.bw	/tscc/projects/ps-yeolab5/rbp-portal/encode3/eclip/Skipper/2.0.0/v1/output/secondary_results/bigwigs/scaled/minus/SRSF7_K562_ENCSR468FSW_IP_2.scaled.minus.bw	/tscc/projects/ps-yeolab5/rbp-portal/encode3/eclip/Skipper/2.0.0/v1/output/reproducible_enriched_windows/SRSF1_K562_ENCSR432XUP.reproducible_enriched_windows.tsv.gz	/tscc/projects/ps-yeolab5/rbp-portal/encode3/eclip/Skipper/2.0.0/v1/output/reproducible_enriched_windows/SRSF7_K562_ENCSR468FSW.reproducible_enriched_windows.tsv.gz
similar	DDX21_K562_ENCSR040QLV	DDX24_K562_ENCSR999WKT	/tscc/projects/ps-yeolab5/rbp-portal/encode3/eclip/Skipper/2.0.0/v1/output/secondary_results/bigwigs/scaled/plus/DDX21_K562_ENCSR040QLV_IP_1.scaled.plus.bw	/tscc/projects/ps-yeolab5/rbp-portal/encode3/eclip/Skipper/2.0.0/v1/output/secondary_results/bigwigs/scaled/plus/DDX21_K562_ENCSR040QLV_IP_2.scaled.plus.bw	/tscc/projects/ps-yeolab5/rbp-portal/encode3/eclip/Skipper/2.0.0/v1/output/secondary_results/bigwigs/scaled/minus/DDX21_K562_ENCSR040QLV_IP_1.scaled.minus.bw	/tscc/projects/ps-yeolab5/rbp-portal/encode3/eclip/Skipper/2.0.0/v1/output/secondary_results/bigwigs/scaled/minus/DDX21_K562_ENCSR040QLV_IP_2.scaled.minus.bw	/tscc/projects/ps-yeolab5/rbp-portal/encode3/eclip/Skipper/2.0.0/v1/output/secondary_results/bigwigs/scaled/plus/DDX24_K562_ENCSR999WKT_IP_1.scaled.plus.bw	/tscc/projects/ps-yeolab5/rbp-portal/encode3/eclip/Skipper/2.0.0/v1/output/secondary_results/bigwigs/scaled/plus/DDX24_K562_ENCSR999WKT_IP_2.scaled.plus.bw	/tscc/projects/ps-yeolab5/rbp-portal/encode3/eclip/Skipper/2.0.0/v1/output/secondary_results/bigwigs/scaled/minus/DDX24_K562_ENCSR999WKT_IP_1.scaled.minus.bw	/tscc/projects/ps-yeolab5/rbp-portal/encode3/eclip/Skipper/2.0.0/v1/output/secondary_results/bigwigs/scaled/minus/DDX24_K562_ENCSR999WKT_IP_2.scaled.minus.bw	/tscc/projects/ps-yeolab5/rbp-portal/encode3/eclip/Skipper/2.0.0/v1/output/reproducible_enriched_windows/DDX21_K562_ENCSR040QLV.reproducible_enriched_windows.tsv.gz	/tscc/projects/ps-yeolab5/rbp-portal/encode3/eclip/Skipper/2.0.0/v1/output/reproducible_enriched_windows/DDX24_K562_ENCSR999WKT.reproducible_enriched_windows.tsv.gz
complex	DROSHA_HepG2_ENCSR834YLD	DGCR8_HepG2_ENCSR061SZV	/tscc/projects/ps-yeolab5/rbp-portal/encode3/eclip/Skipper/2.0.0/v1/output/secondary_results/bigwigs/scaled/plus/DROSHA_HepG2_ENCSR834YLD_IP_1.scaled.plus.bw	/tscc/projects/ps-yeolab5/rbp-portal/encode3/eclip/Skipper/2.0.0/v1/output/secondary_results/bigwigs/scaled/plus/DROSHA_HepG2_ENCSR834YLD_IP_2.scaled.plus.bw	/tscc/projects/ps-yeolab5/rbp-portal/encode3/eclip/Skipper/2.0.0/v1/output/secondary_results/bigwigs/scaled/minus/DROSHA_HepG2_ENCSR834YLD_IP_1.scaled.minus.bw	/tscc/projects/ps-yeolab5/rbp-portal/encode3/eclip/Skipper/2.0.0/v1/output/secondary_results/bigwigs/scaled/minus/DROSHA_HepG2_ENCSR834YLD_IP_2.scaled.minus.bw	/tscc/projects/ps-yeolab5/rbp-portal/encode3/eclip/Skipper/2.0.0/v1/output/secondary_results/bigwigs/scaled/plus/DGCR8_HepG2_ENCSR061SZV_IP_1.scaled.plus.bw	/tscc/projects/ps-yeolab5/rbp-portal/encode3/eclip/Skipper/2.0.0/v1/output/secondary_results/bigwigs/scaled/plus/DGCR8_HepG2_ENCSR061SZV_IP_2.scaled.plus.bw	/tscc/projects/ps-yeolab5/rbp-portal/encode3/eclip/Skipper/2.0.0/v1/output/secondary_results/bigwigs/scaled/minus/DGCR8_HepG2_ENCSR061SZV_IP_1.scaled.minus.bw	/tscc/projects/ps-yeolab5/rbp-portal/encode3/eclip/Skipper/2.0.0/v1/output/secondary_results/bigwigs/scaled/minus/DGCR8_HepG2_ENCSR061SZV_IP_2.scaled.minus.bw	/tscc/projects/ps-yeolab5/rbp-portal/encode3/eclip/Skipper/2.0.0/v1/output/reproducible_enriched_windows/DROSHA_HepG2_ENCSR834YLD.reproducible_enriched_windows.tsv.gz	/tscc/projects/ps-yeolab5/rbp-portal/encode3/eclip/Skipper/2.0.0/v1/output/reproducible_enriched_windows/DGCR8_HepG2_ENCSR061SZV.reproducible_enriched_windows.tsv.gz
complex	U2AF1_HepG2_ENCSR328LLU	U2AF2_HepG2_ENCSR202BFN	/tscc/projects/ps-yeolab5/rbp-portal/encode3/eclip/Skipper/2.0.0/v1/output/secondary_results/bigwigs/scaled/plus/U2AF1_HepG2_ENCSR328LLU_IP_1.scaled.plus.bw	/tscc/projects/ps-yeolab5/rbp-portal/encode3/eclip/Skipper/2.0.0/v1/output/secondary_results/bigwigs/scaled/plus/U2AF1_HepG2_ENCSR328LLU_IP_2.scaled.plus.bw	/tscc/projects/ps-yeolab5/rbp-portal/encode3/eclip/Skipper/2.0.0/v1/output/secondary_results/bigwigs/scaled/minus/U2AF1_HepG2_ENCSR328LLU_IP_1.scaled.minus.bw	/tscc/projects/ps-yeolab5/rbp-portal/encode3/eclip/Skipper/2.0.0/v1/output/secondary_results/bigwigs/scaled/minus/U2AF1_HepG2_ENCSR328LLU_IP_2.scaled.minus.bw	/tscc/projects/ps-yeolab5/rbp-portal/encode3/eclip/Skipper/2.0.0/v1/output/secondary_results/bigwigs/scaled/plus/U2AF2_HepG2_ENCSR202BFN_IP_1.scaled.plus.bw	/tscc/projects/ps-yeolab5/rbp-portal/encode3/eclip/Skipper/2.0.0/v1/output/secondary_results/bigwigs/scaled/plus/U2AF2_HepG2_ENCSR202BFN_IP_2.scaled.plus.bw	/tscc/projects/ps-yeolab5/rbp-portal/encode3/eclip/Skipper/2.0.0/v1/output/secondary_results/bigwigs/scaled/minus/U2AF2_HepG2_ENCSR202BFN_IP_1.scaled.minus.bw	/tscc/projects/ps-yeolab5/rbp-portal/encode3/eclip/Skipper/2.0.0/v1/output/secondary_results/bigwigs/scaled/minus/U2AF2_HepG2_ENCSR202BFN_IP_2.scaled.minus.bw	/tscc/projects/ps-yeolab5/rbp-portal/encode3/eclip/Skipper/2.0.0/v1/output/reproducible_enriched_windows/U2AF1_HepG2_ENCSR328LLU.reproducible_enriched_windows.tsv.gz	/tscc/projects/ps-yeolab5/rbp-portal/encode3/eclip/Skipper/2.0.0/v1/output/reproducible_enriched_windows/U2AF2_HepG2_ENCSR202BFN.reproducible_enriched_windows.tsv.gz
complex	PRPF8_HepG2_ENCSR121NVA	EFTUD2_HepG2_ENCSR527DXF	/tscc/projects/ps-yeolab5/rbp-portal/encode3/eclip/Skipper/2.0.0/v1/output/secondary_results/bigwigs/scaled/plus/PRPF8_HepG2_ENCSR121NVA_IP_1.scaled.plus.bw	/tscc/projects/ps-yeolab5/rbp-portal/encode3/eclip/Skipper/2.0.0/v1/output/secondary_results/bigwigs/scaled/plus/PRPF8_HepG2_ENCSR121NVA_IP_2.scaled.plus.bw	/tscc/projects/ps-yeolab5/rbp-portal/encode3/eclip/Skipper/2.0.0/v1/output/secondary_results/bigwigs/scaled/minus/PRPF8_HepG2_ENCSR121NVA_IP_1.scaled.minus.bw	/tscc/projects/ps-yeolab5/rbp-portal/encode3/eclip/Skipper/2.0.0/v1/output/secondary_results/bigwigs/scaled/minus/PRPF8_HepG2_ENCSR121NVA_IP_2.scaled.minus.bw	/tscc/projects/ps-yeolab5/rbp-portal/encode3/eclip/Skipper/2.0.0/v1/output/secondary_results/bigwigs/scaled/plus/EFTUD2_HepG2_ENCSR527DXF_IP_1.scaled.plus.bw	/tscc/projects/ps-yeolab5/rbp-portal/encode3/eclip/Skipper/2.0.0/v1/output/secondary_results/bigwigs/scaled/plus/EFTUD2_HepG2_ENCSR527DXF_IP_2.scaled.plus.bw	/tscc/projects/ps-yeolab5/rbp-portal/encode3/eclip/Skipper/2.0.0/v1/output/secondary_results/bigwigs/scaled/minus/EFTUD2_HepG2_ENCSR527DXF_IP_1.scaled.minus.bw	/tscc/projects/ps-yeolab5/rbp-portal/encode3/eclip/Skipper/2.0.0/v1/output/secondary_results/bigwigs/scaled/minus/EFTUD2_HepG2_ENCSR527DXF_IP_2.scaled.minus.bw	/tscc/projects/ps-yeolab5/rbp-portal/encode3/eclip/Skipper/2.0.0/v1/output/reproducible_enriched_windows/PRPF8_HepG2_ENCSR121NVA.reproducible_enriched_windows.tsv.gz	/tscc/projects/ps-yeolab5/rbp-portal/encode3/eclip/Skipper/2.0.0/v1/output/reproducible_enriched_windows/EFTUD2_HepG2_ENCSR527DXF.reproducible_enriched_windows.tsv.gz
complex	SF3A3_HepG2_ENCSR331MIC	SF3B4_HepG2_ENCSR279UJF	/tscc/projects/ps-yeolab5/rbp-portal/encode3/eclip/Skipper/2.0.0/v1/output/secondary_results/bigwigs/scaled/plus/SF3A3_HepG2_ENCSR331MIC_IP_1.scaled.plus.bw	/tscc/projects/ps-yeolab5/rbp-portal/encode3/eclip/Skipper/2.0.0/v1/output/secondary_results/bigwigs/scaled/plus/SF3A3_HepG2_ENCSR331MIC_IP_2.scaled.plus.bw	/tscc/projects/ps-yeolab5/rbp-portal/encode3/eclip/Skipper/2.0.0/v1/output/secondary_results/bigwigs/scaled/minus/SF3A3_HepG2_ENCSR331MIC_IP_1.scaled.minus.bw	/tscc/projects/ps-yeolab5/rbp-portal/encode3/eclip/Skipper/2.0.0/v1/output/secondary_results/bigwigs/scaled/minus/SF3A3_HepG2_ENCSR331MIC_IP_2.scaled.minus.bw	/tscc/projects/ps-yeolab5/rbp-portal/encode3/eclip/Skipper/2.0.0/v1/output/secondary_results/bigwigs/scaled/plus/SF3B4_HepG2_ENCSR279UJF_IP_1.scaled.plus.bw	/tscc/projects/ps-yeolab5/rbp-portal/encode3/eclip/Skipper/2.0.0/v1/output/secondary_results/bigwigs/scaled/plus/SF3B4_HepG2_ENCSR279UJF_IP_2.scaled.plus.bw	/tscc/projects/ps-yeolab5/rbp-portal/encode3/eclip/Skipper/2.0.0/v1/output/secondary_results/bigwigs/scaled/minus/SF3B4_HepG2_ENCSR279UJF_IP_1.scaled.minus.bw	/tscc/projects/ps-yeolab5/rbp-portal/encode3/eclip/Skipper/2.0.0/v1/output/secondary_results/bigwigs/scaled/minus/SF3B4_HepG2_ENCSR279UJF_IP_2.scaled.minus.bw	/tscc/projects/ps-yeolab5/rbp-portal/encode3/eclip/Skipper/2.0.0/v1/output/reproducible_enriched_windows/SF3A3_HepG2_ENCSR331MIC.reproducible_enriched_windows.tsv.gz	/tscc/projects/ps-yeolab5/rbp-portal/encode3/eclip/Skipper/2.0.0/v1/output/reproducible_enriched_windows/SF3B4_HepG2_ENCSR279UJF.reproducible_enriched_windows.tsv.gz
complex	EIF3D_HepG2_ENCSR041NUV	EIF3H_HepG2_ENCSR916XIV	/tscc/projects/ps-yeolab5/rbp-portal/encode3/eclip/Skipper/2.0.0/v1/output/secondary_results/bigwigs/scaled/plus/EIF3D_HepG2_ENCSR041NUV_IP_1.scaled.plus.bw	/tscc/projects/ps-yeolab5/rbp-portal/encode3/eclip/Skipper/2.0.0/v1/output/secondary_results/bigwigs/scaled/plus/EIF3D_HepG2_ENCSR041NUV_IP_2.scaled.plus.bw	/tscc/projects/ps-yeolab5/rbp-portal/encode3/eclip/Skipper/2.0.0/v1/output/secondary_results/bigwigs/scaled/minus/EIF3D_HepG2_ENCSR041NUV_IP_1.scaled.minus.bw	/tscc/projects/ps-yeolab5/rbp-portal/encode3/eclip/Skipper/2.0.0/v1/output/secondary_results/bigwigs/scaled/minus/EIF3D_HepG2_ENCSR041NUV_IP_2.scaled.minus.bw	/tscc/projects/ps-yeolab5/rbp-portal/encode3/eclip/Skipper/2.0.0/v1/output/secondary_results/bigwigs/scaled/plus/EIF3H_HepG2_ENCSR916XIV_IP_1.scaled.plus.bw	/tscc/projects/ps-yeolab5/rbp-portal/encode3/eclip/Skipper/2.0.0/v1/output/secondary_results/bigwigs/scaled/plus/EIF3H_HepG2_ENCSR916XIV_IP_2.scaled.plus.bw	/tscc/projects/ps-yeolab5/rbp-portal/encode3/eclip/Skipper/2.0.0/v1/output/secondary_results/bigwigs/scaled/minus/EIF3H_HepG2_ENCSR916XIV_IP_1.scaled.minus.bw	/tscc/projects/ps-yeolab5/rbp-portal/encode3/eclip/Skipper/2.0.0/v1/output/secondary_results/bigwigs/scaled/minus/EIF3H_HepG2_ENCSR916XIV_IP_2.scaled.minus.bw	/tscc/projects/ps-yeolab5/rbp-portal/encode3/eclip/Skipper/2.0.0/v1/output/reproducible_enriched_windows/EIF3D_HepG2_ENCSR041NUV.reproducible_enriched_windows.tsv.gz	/tscc/projects/ps-yeolab5/rbp-portal/encode3/eclip/Skipper/2.0.0/v1/output/reproducible_enriched_windows/EIF3H_HepG2_ENCSR916XIV.reproducible_enriched_windows.tsv.gz
complex	RPS3_K562_ENCSR120EAR	RPS11_K562_ENCSR269AJF	/tscc/projects/ps-yeolab5/rbp-portal/encode3/eclip/Skipper/2.0.0/v1/output/secondary_results/bigwigs/scaled/plus/RPS3_K562_ENCSR120EAR_IP_1.scaled.plus.bw	/tscc/projects/ps-yeolab5/rbp-portal/encode3/eclip/Skipper/2.0.0/v1/output/secondary_results/bigwigs/scaled/plus/RPS3_K562_ENCSR120EAR_IP_2.scaled.plus.bw	/tscc/projects/ps-yeolab5/rbp-portal/encode3/eclip/Skipper/2.0.0/v1/output/secondary_results/bigwigs/scaled/minus/RPS3_K562_ENCSR120EAR_IP_1.scaled.minus.bw	/tscc/projects/ps-yeolab5/rbp-portal/encode3/eclip/Skipper/2.0.0/v1/output/secondary_results/bigwigs/scaled/minus/RPS3_K562_ENCSR120EAR_IP_2.scaled.minus.bw	/tscc/projects/ps-yeolab5/rbp-portal/encode3/eclip/Skipper/2.0.0/v1/output/secondary_results/bigwigs/scaled/plus/RPS11_K562_ENCSR269AJF_IP_1.scaled.plus.bw	/tscc/projects/ps-yeolab5/rbp-portal/encode3/eclip/Skipper/2.0.0/v1/output/secondary_results/bigwigs/scaled/plus/RPS11_K562_ENCSR269AJF_IP_2.scaled.plus.bw	/tscc/projects/ps-yeolab5/rbp-portal/encode3/eclip/Skipper/2.0.0/v1/output/secondary_results/bigwigs/scaled/minus/RPS11_K562_ENCSR269AJF_IP_1.scaled.minus.bw	/tscc/projects/ps-yeolab5/rbp-portal/encode3/eclip/Skipper/2.0.0/v1/output/secondary_results/bigwigs/scaled/minus/RPS11_K562_ENCSR269AJF_IP_2.scaled.minus.bw	/tscc/projects/ps-yeolab5/rbp-portal/encode3/eclip/Skipper/2.0.0/v1/output/reproducible_enriched_windows/RPS3_K562_ENCSR120EAR.reproducible_enriched_windows.tsv.gz	/tscc/projects/ps-yeolab5/rbp-portal/encode3/eclip/Skipper/2.0.0/v1/output/reproducible_enriched_windows/RPS11_K562_ENCSR269AJF.reproducible_enriched_windows.tsv.gz
complex	DKC1_HepG2_ENCSR301TFY	DDX55_HepG2_ENCSR845VGB	/tscc/projects/ps-yeolab5/rbp-portal/encode3/eclip/Skipper/2.0.0/v1/output/secondary_results/bigwigs/scaled/plus/DKC1_HepG2_ENCSR301TFY_IP_1.scaled.plus.bw	/tscc/projects/ps-yeolab5/rbp-portal/encode3/eclip/Skipper/2.0.0/v1/output/secondary_results/bigwigs/scaled/plus/DKC1_HepG2_ENCSR301TFY_IP_2.scaled.plus.bw	/tscc/projects/ps-yeolab5/rbp-portal/encode3/eclip/Skipper/2.0.0/v1/output/secondary_results/bigwigs/scaled/minus/DKC1_HepG2_ENCSR301TFY_IP_1.scaled.minus.bw	/tscc/projects/ps-yeolab5/rbp-portal/encode3/eclip/Skipper/2.0.0/v1/output/secondary_results/bigwigs/scaled/minus/DKC1_HepG2_ENCSR301TFY_IP_2.scaled.minus.bw	/tscc/projects/ps-yeolab5/rbp-portal/encode3/eclip/Skipper/2.0.0/v1/output/secondary_results/bigwigs/scaled/plus/DDX55_HepG2_ENCSR845VGB_IP_1.scaled.plus.bw	/tscc/projects/ps-yeolab5/rbp-portal/encode3/eclip/Skipper/2.0.0/v1/output/secondary_results/bigwigs/scaled/plus/DDX55_HepG2_ENCSR845VGB_IP_2.scaled.plus.bw	/tscc/projects/ps-yeolab5/rbp-portal/encode3/eclip/Skipper/2.0.0/v1/output/secondary_results/bigwigs/scaled/minus/DDX55_HepG2_ENCSR845VGB_IP_1.scaled.minus.bw	/tscc/projects/ps-yeolab5/rbp-portal/encode3/eclip/Skipper/2.0.0/v1/output/secondary_results/bigwigs/scaled/minus/DDX55_HepG2_ENCSR845VGB_IP_2.scaled.minus.bw	/tscc/projects/ps-yeolab5/rbp-portal/encode3/eclip/Skipper/2.0.0/v1/output/reproducible_enriched_windows/DKC1_HepG2_ENCSR301TFY.reproducible_enriched_windows.tsv.gz	/tscc/projects/ps-yeolab5/rbp-portal/encode3/eclip/Skipper/2.0.0/v1/output/reproducible_enriched_windows/DDX55_HepG2_ENCSR845VGB.reproducible_enriched_windows.tsv.gz
complex	LSM11_K562_ENCSR022BVV	SLBP_K562_ENCSR483NOP	/tscc/projects/ps-yeolab5/rbp-portal/encode3/eclip/Skipper/2.0.0/v1/output/secondary_results/bigwigs/scaled/plus/LSM11_K562_ENCSR022BVV_IP_1.scaled.plus.bw	/tscc/projects/ps-yeolab5/rbp-portal/encode3/eclip/Skipper/2.0.0/v1/output/secondary_results/bigwigs/scaled/plus/LSM11_K562_ENCSR022BVV_IP_2.scaled.plus.bw	/tscc/projects/ps-yeolab5/rbp-portal/encode3/eclip/Skipper/2.0.0/v1/output/secondary_results/bigwigs/scaled/minus/LSM11_K562_ENCSR022BVV_IP_1.scaled.minus.bw	/tscc/projects/ps-yeolab5/rbp-portal/encode3/eclip/Skipper/2.0.0/v1/output/secondary_results/bigwigs/scaled/minus/LSM11_K562_ENCSR022BVV_IP_2.scaled.minus.bw	/tscc/projects/ps-yeolab5/rbp-portal/encode3/eclip/Skipper/2.0.0/v1/output/secondary_results/bigwigs/scaled/plus/SLBP_K562_ENCSR483NOP_IP_1.scaled.plus.bw	/tscc/projects/ps-yeolab5/rbp-portal/encode3/eclip/Skipper/2.0.0/v1/output/secondary_results/bigwigs/scaled/plus/SLBP_K562_ENCSR483NOP_IP_2.scaled.plus.bw	/tscc/projects/ps-yeolab5/rbp-portal/encode3/eclip/Skipper/2.0.0/v1/output/secondary_results/bigwigs/scaled/minus/SLBP_K562_ENCSR483NOP_IP_1.scaled.minus.bw	/tscc/projects/ps-yeolab5/rbp-portal/encode3/eclip/Skipper/2.0.0/v1/output/secondary_results/bigwigs/scaled/minus/SLBP_K562_ENCSR483NOP_IP_2.scaled.minus.bw	/tscc/projects/ps-yeolab5/rbp-portal/encode3/eclip/Skipper/2.0.0/v1/output/reproducible_enriched_windows/LSM11_K562_ENCSR022BVV.reproducible_enriched_windows.tsv.gz	/tscc/projects/ps-yeolab5/rbp-portal/encode3/eclip/Skipper/2.0.0/v1/output/reproducible_enriched_windows/SLBP_K562_ENCSR483NOP.reproducible_enriched_windows.tsv.gz
complex	CPSF6_K562_ENCSR532VUB	CSTF2T_K562_ENCSR840DRD	/tscc/projects/ps-yeolab5/rbp-portal/encode3/eclip/Skipper/2.0.0/v1/output/secondary_results/bigwigs/scaled/plus/CPSF6_K562_ENCSR532VUB_IP_1.scaled.plus.bw	/tscc/projects/ps-yeolab5/rbp-portal/encode3/eclip/Skipper/2.0.0/v1/output/secondary_results/bigwigs/scaled/plus/CPSF6_K562_ENCSR532VUB_IP_2.scaled.plus.bw	/tscc/projects/ps-yeolab5/rbp-portal/encode3/eclip/Skipper/2.0.0/v1/output/secondary_results/bigwigs/scaled/minus/CPSF6_K562_ENCSR532VUB_IP_1.scaled.minus.bw	/tscc/projects/ps-yeolab5/rbp-portal/encode3/eclip/Skipper/2.0.0/v1/output/secondary_results/bigwigs/scaled/minus/CPSF6_K562_ENCSR532VUB_IP_2.scaled.minus.bw	/tscc/projects/ps-yeolab5/rbp-portal/encode3/eclip/Skipper/2.0.0/v1/output/secondary_results/bigwigs/scaled/plus/CSTF2T_K562_ENCSR840DRD_IP_1.scaled.plus.bw	/tscc/projects/ps-yeolab5/rbp-portal/encode3/eclip/Skipper/2.0.0/v1/output/secondary_results/bigwigs/scaled/plus/CSTF2T_K562_ENCSR840DRD_IP_2.scaled.plus.bw	/tscc/projects/ps-yeolab5/rbp-portal/encode3/eclip/Skipper/2.0.0/v1/output/secondary_results/bigwigs/scaled/minus/CSTF2T_K562_ENCSR840DRD_IP_1.scaled.minus.bw	/tscc/projects/ps-yeolab5/rbp-portal/encode3/eclip/Skipper/2.0.0/v1/output/secondary_results/bigwigs/scaled/minus/CSTF2T_K562_ENCSR840DRD_IP_2.scaled.minus.bw	/tscc/projects/ps-yeolab5/rbp-portal/encode3/eclip/Skipper/2.0.0/v1/output/reproducible_enriched_windows/CPSF6_K562_ENCSR532VUB.reproducible_enriched_windows.tsv.gz	/tscc/projects/ps-yeolab5/rbp-portal/encode3/eclip/Skipper/2.0.0/v1/output/reproducible_enriched_windows/CSTF2T_K562_ENCSR840DRD.reproducible_enriched_windows.tsv.gz
complex	PRPF4_HepG2_ENCSR977OXG	PRPF8_HepG2_ENCSR121NVA	/tscc/projects/ps-yeolab5/rbp-portal/encode3/eclip/Skipper/2.0.0/v1/output/secondary_results/bigwigs/scaled/plus/PRPF4_HepG2_ENCSR977OXG_IP_1.scaled.plus.bw	/tscc/projects/ps-yeolab5/rbp-portal/encode3/eclip/Skipper/2.0.0/v1/output/secondary_results/bigwigs/scaled/plus/PRPF4_HepG2_ENCSR977OXG_IP_2.scaled.plus.bw	/tscc/projects/ps-yeolab5/rbp-portal/encode3/eclip/Skipper/2.0.0/v1/output/secondary_results/bigwigs/scaled/minus/PRPF4_HepG2_ENCSR977OXG_IP_1.scaled.minus.bw	/tscc/projects/ps-yeolab5/rbp-portal/encode3/eclip/Skipper/2.0.0/v1/output/secondary_results/bigwigs/scaled/minus/PRPF4_HepG2_ENCSR977OXG_IP_2.scaled.minus.bw	/tscc/projects/ps-yeolab5/rbp-portal/encode3/eclip/Skipper/2.0.0/v1/output/secondary_results/bigwigs/scaled/plus/PRPF8_HepG2_ENCSR121NVA_IP_1.scaled.plus.bw	/tscc/projects/ps-yeolab5/rbp-portal/encode3/eclip/Skipper/2.0.0/v1/output/secondary_results/bigwigs/scaled/plus/PRPF8_HepG2_ENCSR121NVA_IP_2.scaled.plus.bw	/tscc/projects/ps-yeolab5/rbp-portal/encode3/eclip/Skipper/2.0.0/v1/output/secondary_results/bigwigs/scaled/minus/PRPF8_HepG2_ENCSR121NVA_IP_1.scaled.minus.bw	/tscc/projects/ps-yeolab5/rbp-portal/encode3/eclip/Skipper/2.0.0/v1/output/secondary_results/bigwigs/scaled/minus/PRPF8_HepG2_ENCSR121NVA_IP_2.scaled.minus.bw	/tscc/projects/ps-yeolab5/rbp-portal/encode3/eclip/Skipper/2.0.0/v1/output/reproducible_enriched_windows/PRPF4_HepG2_ENCSR977OXG.reproducible_enriched_windows.tsv.gz	/tscc/projects/ps-yeolab5/rbp-portal/encode3/eclip/Skipper/2.0.0/v1/output/reproducible_enriched_windows/PRPF8_HepG2_ENCSR121NVA.reproducible_enriched_windows.tsv.gz
unrelated	LIN28B_K562_ENCSR970NKP	XRCC6_K562_ENCSR258QKO	/tscc/projects/ps-yeolab5/rbp-portal/encode3/eclip/Skipper/2.0.0/v1/output/secondary_results/bigwigs/scaled/plus/LIN28B_K562_ENCSR970NKP_IP_1.scaled.plus.bw	/tscc/projects/ps-yeolab5/rbp-portal/encode3/eclip/Skipper/2.0.0/v1/output/secondary_results/bigwigs/scaled/plus/LIN28B_K562_ENCSR970NKP_IP_2.scaled.plus.bw	/tscc/projects/ps-yeolab5/rbp-portal/encode3/eclip/Skipper/2.0.0/v1/output/secondary_results/bigwigs/scaled/minus/LIN28B_K562_ENCSR970NKP_IP_1.scaled.minus.bw	/tscc/projects/ps-yeolab5/rbp-portal/encode3/eclip/Skipper/2.0.0/v1/output/secondary_results/bigwigs/scaled/minus/LIN28B_K562_ENCSR970NKP_IP_2.scaled.minus.bw	/tscc/projects/ps-yeolab5/rbp-portal/encode3/eclip/Skipper/2.0.0/v1/output/secondary_results/bigwigs/scaled/plus/XRCC6_K562_ENCSR258QKO_IP_1.scaled.plus.bw	/tscc/projects/ps-yeolab5/rbp-portal/encode3/eclip/Skipper/2.0.0/v1/output/secondary_results/bigwigs/scaled/plus/XRCC6_K562_ENCSR258QKO_IP_2.scaled.plus.bw	/tscc/projects/ps-yeolab5/rbp-portal/encode3/eclip/Skipper/2.0.0/v1/output/secondary_results/bigwigs/scaled/minus/XRCC6_K562_ENCSR258QKO_IP_1.scaled.minus.bw	/tscc/projects/ps-yeolab5/rbp-portal/encode3/eclip/Skipper/2.0.0/v1/output/secondary_results/bigwigs/scaled/minus/XRCC6_K562_ENCSR258QKO_IP_2.scaled.minus.bw	/tscc/projects/ps-yeolab5/rbp-portal/encode3/eclip/Skipper/2.0.0/v1/output/reproducible_enriched_windows/LIN28B_K562_ENCSR970NKP.reproducible_enriched_windows.tsv.gz	/tscc/projects/ps-yeolab5/rbp-portal/encode3/eclip/Skipper/2.0.0/v1/output/reproducible_enriched_windows/XRCC6_K562_ENCSR258QKO.reproducible_enriched_windows.tsv.gz
unrelated	RBFOX2_HepG2_ENCSR987FTF	DDX3X_HepG2_ENCSR648LAH	/tscc/projects/ps-yeolab5/rbp-portal/encode3/eclip/Skipper/2.0.0/v1/output/secondary_results/bigwigs/scaled/plus/RBFOX2_HepG2_ENCSR987FTF_IP_1.scaled.plus.bw	/tscc/projects/ps-yeolab5/rbp-portal/encode3/eclip/Skipper/2.0.0/v1/output/secondary_results/bigwigs/scaled/plus/RBFOX2_HepG2_ENCSR987FTF_IP_2.scaled.plus.bw	/tscc/projects/ps-yeolab5/rbp-portal/encode3/eclip/Skipper/2.0.0/v1/output/secondary_results/bigwigs/scaled/minus/RBFOX2_HepG2_ENCSR987FTF_IP_1.scaled.minus.bw	/tscc/projects/ps-yeolab5/rbp-portal/encode3/eclip/Skipper/2.0.0/v1/output/secondary_results/bigwigs/scaled/minus/RBFOX2_HepG2_ENCSR987FTF_IP_2.scaled.minus.bw	/tscc/projects/ps-yeolab5/rbp-portal/encode3/eclip/Skipper/2.0.0/v1/output/secondary_results/bigwigs/scaled/plus/DDX3X_HepG2_ENCSR648LAH_IP_1.scaled.plus.bw	/tscc/projects/ps-yeolab5/rbp-portal/encode3/eclip/Skipper/2.0.0/v1/output/secondary_results/bigwigs/scaled/plus/DDX3X_HepG2_ENCSR648LAH_IP_2.scaled.plus.bw	/tscc/projects/ps-yeolab5/rbp-portal/encode3/eclip/Skipper/2.0.0/v1/output/secondary_results/bigwigs/scaled/minus/DDX3X_HepG2_ENCSR648LAH_IP_1.scaled.minus.bw	/tscc/projects/ps-yeolab5/rbp-portal/encode3/eclip/Skipper/2.0.0/v1/output/secondary_results/bigwigs/scaled/minus/DDX3X_HepG2_ENCSR648LAH_IP_2.scaled.minus.bw	/tscc/projects/ps-yeolab5/rbp-portal/encode3/eclip/Skipper/2.0.0/v1/output/reproducible_enriched_windows/RBFOX2_HepG2_ENCSR987FTF.reproducible_enriched_windows.tsv.gz	/tscc/projects/ps-yeolab5/rbp-portal/encode3/eclip/Skipper/2.0.0/v1/output/reproducible_enriched_windows/DDX3X_HepG2_ENCSR648LAH.reproducible_enriched_windows.tsv.gz
unrelated	UPF1_HepG2_ENCSR539BEV	LARP7_HepG2_ENCSR961OKA	/tscc/projects/ps-yeolab5/rbp-portal/encode3/eclip/Skipper/2.0.0/v1/output/secondary_results/bigwigs/scaled/plus/UPF1_HepG2_ENCSR539BEV_IP_1.scaled.plus.bw	/tscc/projects/ps-yeolab5/rbp-portal/encode3/eclip/Skipper/2.0.0/v1/output/secondary_results/bigwigs/scaled/plus/UPF1_HepG2_ENCSR539BEV_IP_2.scaled.plus.bw	/tscc/projects/ps-yeolab5/rbp-portal/encode3/eclip/Skipper/2.0.0/v1/output/secondary_results/bigwigs/scaled/minus/UPF1_HepG2_ENCSR539BEV_IP_1.scaled.minus.bw	/tscc/projects/ps-yeolab5/rbp-portal/encode3/eclip/Skipper/2.0.0/v1/output/secondary_results/bigwigs/scaled/minus/UPF1_HepG2_ENCSR539BEV_IP_2.scaled.minus.bw	/tscc/projects/ps-yeolab5/rbp-portal/encode3/eclip/Skipper/2.0.0/v1/output/secondary_results/bigwigs/scaled/plus/LARP7_HepG2_ENCSR961OKA_IP_1.scaled.plus.bw	/tscc/projects/ps-yeolab5/rbp-portal/encode3/eclip/Skipper/2.0.0/v1/output/secondary_results/bigwigs/scaled/plus/LARP7_HepG2_ENCSR961OKA_IP_2.scaled.plus.bw	/tscc/projects/ps-yeolab5/rbp-portal/encode3/eclip/Skipper/2.0.0/v1/output/secondary_results/bigwigs/scaled/minus/LARP7_HepG2_ENCSR961OKA_IP_1.scaled.minus.bw	/tscc/projects/ps-yeolab5/rbp-portal/encode3/eclip/Skipper/2.0.0/v1/output/secondary_results/bigwigs/scaled/minus/LARP7_HepG2_ENCSR961OKA_IP_2.scaled.minus.bw	/tscc/projects/ps-yeolab5/rbp-portal/encode3/eclip/Skipper/2.0.0/v1/output/reproducible_enriched_windows/UPF1_HepG2_ENCSR539BEV.reproducible_enriched_windows.tsv.gz	/tscc/projects/ps-yeolab5/rbp-portal/encode3/eclip/Skipper/2.0.0/v1/output/reproducible_enriched_windows/LARP7_HepG2_ENCSR961OKA.reproducible_enriched_windows.tsv.gz
unrelated	HNRNPC_HepG2_ENCSR550DVK	AKAP1_HepG2_ENCSR356ZMO	/tscc/projects/ps-yeolab5/rbp-portal/encode3/eclip/Skipper/2.0.0/v1/output/secondary_results/bigwigs/scaled/plus/HNRNPC_HepG2_ENCSR550DVK_IP_1.scaled.plus.bw	/tscc/projects/ps-yeolab5/rbp-portal/encode3/eclip/Skipper/2.0.0/v1/output/secondary_results/bigwigs/scaled/plus/HNRNPC_HepG2_ENCSR550DVK_IP_2.scaled.plus.bw	/tscc/projects/ps-yeolab5/rbp-portal/encode3/eclip/Skipper/2.0.0/v1/output/secondary_results/bigwigs/scaled/minus/HNRNPC_HepG2_ENCSR550DVK_IP_1.scaled.minus.bw	/tscc/projects/ps-yeolab5/rbp-portal/encode3/eclip/Skipper/2.0.0/v1/output/secondary_results/bigwigs/scaled/minus/HNRNPC_HepG2_ENCSR550DVK_IP_2.scaled.minus.bw	/tscc/projects/ps-yeolab5/rbp-portal/encode3/eclip/Skipper/2.0.0/v1/output/secondary_results/bigwigs/scaled/plus/AKAP1_HepG2_ENCSR356ZMO_IP_1.scaled.plus.bw	/tscc/projects/ps-yeolab5/rbp-portal/encode3/eclip/Skipper/2.0.0/v1/output/secondary_results/bigwigs/scaled/plus/AKAP1_HepG2_ENCSR356ZMO_IP_2.scaled.plus.bw	/tscc/projects/ps-yeolab5/rbp-portal/encode3/eclip/Skipper/2.0.0/v1/output/secondary_results/bigwigs/scaled/minus/AKAP1_HepG2_ENCSR356ZMO_IP_1.scaled.minus.bw	/tscc/projects/ps-yeolab5/rbp-portal/encode3/eclip/Skipper/2.0.0/v1/output/secondary_results/bigwigs/scaled/minus/AKAP1_HepG2_ENCSR356ZMO_IP_2.scaled.minus.bw	/tscc/projects/ps-yeolab5/rbp-portal/encode3/eclip/Skipper/2.0.0/v1/output/reproducible_enriched_windows/HNRNPC_HepG2_ENCSR550DVK.reproducible_enriched_windows.tsv.gz	/tscc/projects/ps-yeolab5/rbp-portal/encode3/eclip/Skipper/2.0.0/v1/output/reproducible_enriched_windows/AKAP1_HepG2_ENCSR356ZMO.reproducible_enriched_windows.tsv.gz
unrelated	KHSRP_K562_ENCSR438GZQ	NOLC1_K562_ENCSR001VAC	/tscc/projects/ps-yeolab5/rbp-portal/encode3/eclip/Skipper/2.0.0/v1/output/secondary_results/bigwigs/scaled/plus/KHSRP_K562_ENCSR438GZQ_IP_1.scaled.plus.bw	/tscc/projects/ps-yeolab5/rbp-portal/encode3/eclip/Skipper/2.0.0/v1/output/secondary_results/bigwigs/scaled/plus/KHSRP_K562_ENCSR438GZQ_IP_2.scaled.plus.bw	/tscc/projects/ps-yeolab5/rbp-portal/encode3/eclip/Skipper/2.0.0/v1/output/secondary_results/bigwigs/scaled/minus/KHSRP_K562_ENCSR438GZQ_IP_1.scaled.minus.bw	/tscc/projects/ps-yeolab5/rbp-portal/encode3/eclip/Skipper/2.0.0/v1/output/secondary_results/bigwigs/scaled/minus/KHSRP_K562_ENCSR438GZQ_IP_2.scaled.minus.bw	/tscc/projects/ps-yeolab5/rbp-portal/encode3/eclip/Skipper/2.0.0/v1/output/secondary_results/bigwigs/scaled/plus/NOLC1_K562_ENCSR001VAC_IP_1.scaled.plus.bw	/tscc/projects/ps-yeolab5/rbp-portal/encode3/eclip/Skipper/2.0.0/v1/output/secondary_results/bigwigs/scaled/plus/NOLC1_K562_ENCSR001VAC_IP_2.scaled.plus.bw	/tscc/projects/ps-yeolab5/rbp-portal/encode3/eclip/Skipper/2.0.0/v1/output/secondary_results/bigwigs/scaled/minus/NOLC1_K562_ENCSR001VAC_IP_1.scaled.minus.bw	/tscc/projects/ps-yeolab5/rbp-portal/encode3/eclip/Skipper/2.0.0/v1/output/secondary_results/bigwigs/scaled/minus/NOLC1_K562_ENCSR001VAC_IP_2.scaled.minus.bw	/tscc/projects/ps-yeolab5/rbp-portal/encode3/eclip/Skipper/2.0.0/v1/output/reproducible_enriched_windows/KHSRP_K562_ENCSR438GZQ.reproducible_enriched_windows.tsv.gz	/tscc/projects/ps-yeolab5/rbp-portal/encode3/eclip/Skipper/2.0.0/v1/output/reproducible_enriched_windows/NOLC1_K562_ENCSR001VAC.reproducible_enriched_windows.tsv.gz
unrelated	YBX3_HepG2_ENCSR735HOK	DDX55_HepG2_ENCSR845VGB	/tscc/projects/ps-yeolab5/rbp-portal/encode3/eclip/Skipper/2.0.0/v1/output/secondary_results/bigwigs/scaled/plus/YBX3_HepG2_ENCSR735HOK_IP_1.scaled.plus.bw	/tscc/projects/ps-yeolab5/rbp-portal/encode3/eclip/Skipper/2.0.0/v1/output/secondary_results/bigwigs/scaled/plus/YBX3_HepG2_ENCSR735HOK_IP_2.scaled.plus.bw	/tscc/projects/ps-yeolab5/rbp-portal/encode3/eclip/Skipper/2.0.0/v1/output/secondary_results/bigwigs/scaled/minus/YBX3_HepG2_ENCSR735HOK_IP_1.scaled.minus.bw	/tscc/projects/ps-yeolab5/rbp-portal/encode3/eclip/Skipper/2.0.0/v1/output/secondary_results/bigwigs/scaled/minus/YBX3_HepG2_ENCSR735HOK_IP_2.scaled.minus.bw	/tscc/projects/ps-yeolab5/rbp-portal/encode3/eclip/Skipper/2.0.0/v1/output/secondary_results/bigwigs/scaled/plus/DDX55_HepG2_ENCSR845VGB_IP_1.scaled.plus.bw	/tscc/projects/ps-yeolab5/rbp-portal/encode3/eclip/Skipper/2.0.0/v1/output/secondary_results/bigwigs/scaled/plus/DDX55_HepG2_ENCSR845VGB_IP_2.scaled.plus.bw	/tscc/projects/ps-yeolab5/rbp-portal/encode3/eclip/Skipper/2.0.0/v1/output/secondary_results/bigwigs/scaled/minus/DDX55_HepG2_ENCSR845VGB_IP_1.scaled.minus.bw	/tscc/projects/ps-yeolab5/rbp-portal/encode3/eclip/Skipper/2.0.0/v1/output/secondary_results/bigwigs/scaled/minus/DDX55_HepG2_ENCSR845VGB_IP_2.scaled.minus.bw	/tscc/projects/ps-yeolab5/rbp-portal/encode3/eclip/Skipper/2.0.0/v1/output/reproducible_enriched_windows/YBX3_HepG2_ENCSR735HOK.reproducible_enriched_windows.tsv.gz	/tscc/projects/ps-yeolab5/rbp-portal/encode3/eclip/Skipper/2.0.0/v1/output/reproducible_enriched_windows/DDX55_HepG2_ENCSR845VGB.reproducible_enriched_windows.tsv.gz
unrelated	ILF3_HepG2_ENCSR786TSC	NCBP2_HepG2_ENCSR018RVZ	/tscc/projects/ps-yeolab5/rbp-portal/encode3/eclip/Skipper/2.0.0/v1/output/secondary_results/bigwigs/scaled/plus/ILF3_HepG2_ENCSR786TSC_IP_1.scaled.plus.bw	/tscc/projects/ps-yeolab5/rbp-portal/encode3/eclip/Skipper/2.0.0/v1/output/secondary_results/bigwigs/scaled/plus/ILF3_HepG2_ENCSR786TSC_IP_2.scaled.plus.bw	/tscc/projects/ps-yeolab5/rbp-portal/encode3/eclip/Skipper/2.0.0/v1/output/secondary_results/bigwigs/scaled/minus/ILF3_HepG2_ENCSR786TSC_IP_1.scaled.minus.bw	/tscc/projects/ps-yeolab5/rbp-portal/encode3/eclip/Skipper/2.0.0/v1/output/secondary_results/bigwigs/scaled/minus/ILF3_HepG2_ENCSR786TSC_IP_2.scaled.minus.bw	/tscc/projects/ps-yeolab5/rbp-portal/encode3/eclip/Skipper/2.0.0/v1/output/secondary_results/bigwigs/scaled/plus/NCBP2_HepG2_ENCSR018RVZ_IP_1.scaled.plus.bw	/tscc/projects/ps-yeolab5/rbp-portal/encode3/eclip/Skipper/2.0.0/v1/output/secondary_results/bigwigs/scaled/plus/NCBP2_HepG2_ENCSR018RVZ_IP_2.scaled.plus.bw	/tscc/projects/ps-yeolab5/rbp-portal/encode3/eclip/Skipper/2.0.0/v1/output/secondary_results/bigwigs/scaled/minus/NCBP2_HepG2_ENCSR018RVZ_IP_1.scaled.minus.bw	/tscc/projects/ps-yeolab5/rbp-portal/encode3/eclip/Skipper/2.0.0/v1/output/secondary_results/bigwigs/scaled/minus/NCBP2_HepG2_ENCSR018RVZ_IP_2.scaled.minus.bw	/tscc/projects/ps-yeolab5/rbp-portal/encode3/eclip/Skipper/2.0.0/v1/output/reproducible_enriched_windows/ILF3_HepG2_ENCSR786TSC.reproducible_enriched_windows.tsv.gz	/tscc/projects/ps-yeolab5/rbp-portal/encode3/eclip/Skipper/2.0.0/v1/output/reproducible_enriched_windows/NCBP2_HepG2_ENCSR018RVZ.reproducible_enriched_windows.tsv.gz
unrelated	FTO_K562_ENCSR989SMC	XRN2_K562_ENCSR657TZB	/tscc/projects/ps-yeolab5/rbp-portal/encode3/eclip/Skipper/2.0.0/v1/output/secondary_results/bigwigs/scaled/plus/FTO_K562_ENCSR989SMC_IP_1.scaled.plus.bw	/tscc/projects/ps-yeolab5/rbp-portal/encode3/eclip/Skipper/2.0.0/v1/output/secondary_results/bigwigs/scaled/plus/FTO_K562_ENCSR989SMC_IP_2.scaled.plus.bw	/tscc/projects/ps-yeolab5/rbp-portal/encode3/eclip/Skipper/2.0.0/v1/output/secondary_results/bigwigs/scaled/minus/FTO_K562_ENCSR989SMC_IP_1.scaled.minus.bw	/tscc/projects/ps-yeolab5/rbp-portal/encode3/eclip/Skipper/2.0.0/v1/output/secondary_results/bigwigs/scaled/minus/FTO_K562_ENCSR989SMC_IP_2.scaled.minus.bw	/tscc/projects/ps-yeolab5/rbp-portal/encode3/eclip/Skipper/2.0.0/v1/output/secondary_results/bigwigs/scaled/plus/XRN2_K562_ENCSR657TZB_IP_1.scaled.plus.bw	/tscc/projects/ps-yeolab5/rbp-portal/encode3/eclip/Skipper/2.0.0/v1/output/secondary_results/bigwigs/scaled/plus/XRN2_K562_ENCSR657TZB_IP_2.scaled.plus.bw	/tscc/projects/ps-yeolab5/rbp-portal/encode3/eclip/Skipper/2.0.0/v1/output/secondary_results/bigwigs/scaled/minus/XRN2_K562_ENCSR657TZB_IP_1.scaled.minus.bw	/tscc/projects/ps-yeolab5/rbp-portal/encode3/eclip/Skipper/2.0.0/v1/output/secondary_results/bigwigs/scaled/minus/XRN2_K562_ENCSR657TZB_IP_2.scaled.minus.bw	/tscc/projects/ps-yeolab5/rbp-portal/encode3/eclip/Skipper/2.0.0/v1/output/reproducible_enriched_windows/FTO_K562_ENCSR989SMC.reproducible_enriched_windows.tsv.gz	/tscc/projects/ps-yeolab5/rbp-portal/encode3/eclip/Skipper/2.0.0/v1/output/reproducible_enriched_windows/XRN2_K562_ENCSR657TZB.reproducible_enriched_windows.tsv.gz
unrelated	SND1_HepG2_ENCSR061EVO	GRWD1_HepG2_ENCSR893NWB	/tscc/projects/ps-yeolab5/rbp-portal/encode3/eclip/Skipper/2.0.0/v1/output/secondary_results/bigwigs/scaled/plus/SND1_HepG2_ENCSR061EVO_IP_1.scaled.plus.bw	/tscc/projects/ps-yeolab5/rbp-portal/encode3/eclip/Skipper/2.0.0/v1/output/secondary_results/bigwigs/scaled/plus/SND1_HepG2_ENCSR061EVO_IP_2.scaled.plus.bw	/tscc/projects/ps-yeolab5/rbp-portal/encode3/eclip/Skipper/2.0.0/v1/output/secondary_results/bigwigs/scaled/minus/SND1_HepG2_ENCSR061EVO_IP_1.scaled.minus.bw	/tscc/projects/ps-yeolab5/rbp-portal/encode3/eclip/Skipper/2.0.0/v1/output/secondary_results/bigwigs/scaled/minus/SND1_HepG2_ENCSR061EVO_IP_2.scaled.minus.bw	/tscc/projects/ps-yeolab5/rbp-portal/encode3/eclip/Skipper/2.0.0/v1/output/secondary_results/bigwigs/scaled/plus/GRWD1_HepG2_ENCSR893NWB_IP_1.scaled.plus.bw	/tscc/projects/ps-yeolab5/rbp-portal/encode3/eclip/Skipper/2.0.0/v1/output/secondary_results/bigwigs/scaled/plus/GRWD1_HepG2_ENCSR893NWB_IP_2.scaled.plus.bw	/tscc/projects/ps-yeolab5/rbp-portal/encode3/eclip/Skipper/2.0.0/v1/output/secondary_results/bigwigs/scaled/minus/GRWD1_HepG2_ENCSR893NWB_IP_1.scaled.minus.bw	/tscc/projects/ps-yeolab5/rbp-portal/encode3/eclip/Skipper/2.0.0/v1/output/secondary_results/bigwigs/scaled/minus/GRWD1_HepG2_ENCSR893NWB_IP_2.scaled.minus.bw	/tscc/projects/ps-yeolab5/rbp-portal/encode3/eclip/Skipper/2.0.0/v1/output/reproducible_enriched_windows/SND1_HepG2_ENCSR061EVO.reproducible_enriched_windows.tsv.gz	/tscc/projects/ps-yeolab5/rbp-portal/encode3/eclip/Skipper/2.0.0/v1/output/reproducible_enriched_windows/GRWD1_HepG2_ENCSR893NWB.reproducible_enriched_windows.tsv.gz
unrelated	QKI_K562_ENCSR366YOG	NOLC1_K562_ENCSR001VAC	/tscc/projects/ps-yeolab5/rbp-portal/encode3/eclip/Skipper/2.0.0/v1/output/secondary_results/bigwigs/scaled/plus/QKI_K562_ENCSR366YOG_IP_1.scaled.plus.bw	/tscc/projects/ps-yeolab5/rbp-portal/encode3/eclip/Skipper/2.0.0/v1/output/secondary_results/bigwigs/scaled/plus/QKI_K562_ENCSR366YOG_IP_2.scaled.plus.bw	/tscc/projects/ps-yeolab5/rbp-portal/encode3/eclip/Skipper/2.0.0/v1/output/secondary_results/bigwigs/scaled/minus/QKI_K562_ENCSR366YOG_IP_1.scaled.minus.bw	/tscc/projects/ps-yeolab5/rbp-portal/encode3/eclip/Skipper/2.0.0/v1/output/secondary_results/bigwigs/scaled/minus/QKI_K562_ENCSR366YOG_IP_2.scaled.minus.bw	/tscc/projects/ps-yeolab5/rbp-portal/encode3/eclip/Skipper/2.0.0/v1/output/secondary_results/bigwigs/scaled/plus/NOLC1_K562_ENCSR001VAC_IP_1.scaled.plus.bw	/tscc/projects/ps-yeolab5/rbp-portal/encode3/eclip/Skipper/2.0.0/v1/output/secondary_results/bigwigs/scaled/plus/NOLC1_K562_ENCSR001VAC_IP_2.scaled.plus.bw	/tscc/projects/ps-yeolab5/rbp-portal/encode3/eclip/Skipper/2.0.0/v1/output/secondary_results/bigwigs/scaled/minus/NOLC1_K562_ENCSR001VAC_IP_1.scaled.minus.bw	/tscc/projects/ps-yeolab5/rbp-portal/encode3/eclip/Skipper/2.0.0/v1/output/secondary_results/bigwigs/scaled/minus/NOLC1_K562_ENCSR001VAC_IP_2.scaled.minus.bw	/tscc/projects/ps-yeolab5/rbp-portal/encode3/eclip/Skipper/2.0.0/v1/output/reproducible_enriched_windows/QKI_K562_ENCSR366YOG.reproducible_enriched_windows.tsv.gz	/tscc/projects/ps-yeolab5/rbp-portal/encode3/eclip/Skipper/2.0.0/v1/output/reproducible_enriched_windows/NOLC1_K562_ENCSR001VAC.reproducible_enriched_windows.tsv.gz
